{"root":[{"assemblyName":"Meta.Net.endel.nativewebsocket","nameSpace":"Meta.Net.NativeWebSocket","className":"MainThreadUtil","methodName":"Setup","loadTypes":1,"isUnityClass":false},{"assemblyName":"Meta.WitAi","nameSpace":"Meta.WitAi.Data","className":"AudioBuffer","methodName":"SingletonInit","loadTypes":4,"isUnityClass":false},{"assemblyName":"Meta.WitAi.Lib","nameSpace":"Meta.WitAi","className":"ThreadUtility","methodName":"Init","loadTypes":0,"isUnityClass":false},{"assemblyName":"Meta.WitAi.Lib","nameSpace":"Meta.WitAi","className":"WitRequestSettings","methodName":"Init","loadTypes":0,"isUnityClass":false},{"assemblyName":"Meta.XR.Audio","nameSpace":"","className":"MetaXRAcousticSettings","methodName":"OnBeforeSceneLoadRuntimeMethod","loadTypes":1,"isUnityClass":false},{"assemblyName":"Meta.XR.Audio","nameSpace":"","className":"MetaXRAudioRoomAcousticProperties","methodName":"CheckSceneHasRoom","loadTypes":0,"isUnityClass":false},{"assemblyName":"Meta.XR.Audio","nameSpace":"","className":"MetaXRAudioSource","methodName":"OnBeforeSceneLoadRuntimeMethod","loadTypes":1,"isUnityClass":false},{"assemblyName":"Meta.XR.ImmersiveDebugger","nameSpace":"Meta.XR.ImmersiveDebugger","className":"DebugInspectorManager","methodName":"Init","loadTypes":4,"isUnityClass":false},{"assemblyName":"Meta.XR.ImmersiveDebugger","nameSpace":"Meta.XR.ImmersiveDebugger","className":"RuntimeSettings","methodName":"Init","loadTypes":4,"isUnityClass":false},{"assemblyName":"Meta.XR.ImmersiveDebugger","nameSpace":"Meta.XR.ImmersiveDebugger","className":"SceneSetup","methodName":"OnLoad","loadTypes":0,"isUnityClass":false},{"assemblyName":"Meta.XR.ImmersiveDebugger","nameSpace":"Meta.XR.ImmersiveDebugger.Utils","className":"AssemblyParser","methodName":"Init","loadTypes":4,"isUnityClass":false},{"assemblyName":"Meta.XR.ImmersiveDebugger","nameSpace":"Meta.XR.ImmersiveDebugger.Utils","className":"AssemblyParser","methodName":"OnLoad","loadTypes":0,"isUnityClass":false},{"assemblyName":"Meta.XR.ImmersiveDebugger","nameSpace":"Meta.XR.ImmersiveDebugger.Utils","className":"ConsoleLogsCache","methodName":"OnLoad","loadTypes":2,"isUnityClass":false},{"assemblyName":"Meta.XR.ImmersiveDebugger","nameSpace":"Meta.XR.ImmersiveDebugger.UserInterface.Generic","className":"Button","methodName":"Init","loadTypes":4,"isUnityClass":false},{"assemblyName":"Meta.XR.ImmersiveDebugger","nameSpace":"Meta.XR.ImmersiveDebugger.UserInterface.Generic","className":"Panel","methodName":"Init","loadTypes":4,"isUnityClass":false},{"assemblyName":"Meta.XR.ImmersiveDebugger","nameSpace":"Meta.XR.ImmersiveDebugger.UserInterface.Generic","className":"OverlayCanvas","methodName":"Init","loadTypes":4,"isUnityClass":false},{"assemblyName":"Meta.XR.ImmersiveDebugger","nameSpace":"Meta.XR.ImmersiveDebugger.Manager","className":"DebugManager","methodName":"Init","loadTypes":4,"isUnityClass":false},{"assemblyName":"Meta.XR.ImmersiveDebugger","nameSpace":"Meta.XR.ImmersiveDebugger.Gizmo","className":"DebugGizmos","methodName":"Init","loadTypes":4,"isUnityClass":false},{"assemblyName":"Meta.XR.ImmersiveDebugger","nameSpace":"Meta.XR.ImmersiveDebugger.Gizmo","className":"GizmoTypesRegistry","methodName":"Init","loadTypes":4,"isUnityClass":false},{"assemblyName":"Oculus.VR","nameSpace":"","className":"OVRAnchor","methodName":"Init","loadTypes":0,"isUnityClass":false},{"assemblyName":"Oculus.VR","nameSpace":"","className":"OVRSpatialAnchor","methodName":"InitializeOnLoad","loadTypes":4,"isUnityClass":false},{"assemblyName":"Unity.VisualScripting.Core","nameSpace":"Unity.VisualScripting","className":"RuntimeVSUsageUtility","methodName":"RuntimeInitializeOnLoadBeforeSceneLoad","loadTypes":1,"isUnityClass":true},{"assemblyName":"Unity.XR.Management","nameSpace":"UnityEngine.XR.Management","className":"XRGeneralSettings","methodName":"AttemptInitializeXRSDKOnLoad","loadTypes":2,"isUnityClass":true},{"assemblyName":"Unity.XR.Management","nameSpace":"UnityEngine.XR.Management","className":"XRGeneralSettings","methodName":"AttemptStartXRSDKOnBeforeSplashScreen","loadTypes":3,"isUnityClass":true},{"assemblyName":"Unity.XR.Oculus","nameSpace":"Unity.XR.Oculus","className":"OculusLoader","methodName":"RuntimeLoadOVRPlugin","loadTypes":2,"isUnityClass":true},{"assemblyName":"VoiceSDK.Runtime","nameSpace":"Oculus.Voice","className":"VoiceSDKConstants","methodName":"Init","loadTypes":0,"isUnityClass":false},{"assemblyName":"VoiceSDK.Runtime","nameSpace":"Oculus.Voice.Logging","className":"TTSServiceLogging","methodName":"Init","loadTypes":0,"isUnityClass":false}]}
